bill_no,vendor,invoice_number,paid_date,amount
BILL-10201,Forest Avenue Holdings LLC,RENT-2026-07,2026-07-01,3400.00
BILL-10202,Fore River Auto & Fleet,FRA-5498,2026-07-02,274.50
BILL-10203,Routeboard Scheduling,RB-204411,2026-07-03,456.00
BILL-10204,Ledgerline Bookkeeping,LB-2026-07,2026-07-05,850.00
BILL-10205,Old Port Print & Sign,OPP-1150,2026-07-06,148.00
BILL-10206,Pine Tree Mutual Insurance,PTM-2026-Q3-8841,2026-07-08,4860.00
BILL-10207,Tidewater Plumbing,TP-0855,2026-07-09,640.00
BILL-10208,Casco Bay Janitorial Supply,CB-2176,2026-07-10,901.35
BILL-10209,Downeast Telecom,DT-202607-4471,2026-07-12,318.40
BILL-10210,Pine Point Fuel Co-op,PPF-76820,2026-07-14,1288.60
BILL-10211,Harbor Light Payroll Services,HLP-202607,2026-07-15,189.00
BILL-10212,Greenline Lawn & Snow,GL-2026-0615,2026-07-17,2150.00
BILL-10213,Casco Utilities Cooperative,CUC-202607-0092,2026-07-18,412.77
BILL-10214,Stitchworks Uniform Co.,SW-3298,2026-07-21,212.00
BILL-10215,Bayside Waste & Recycling,BWR-202607,2026-07-22,265.00
BILL-10216,Casco Bay Janitorial Supply,CB-2198,2026-07-24,842.15
BILL-10217,Stitchworks Uniform Co.,SW-3310,2026-07-29,1096.50
BILL-10218,Fore River Auto & Fleet,FRA-5531,2026-07-30,612.40
BILL-10219,Forest Avenue Holdings LLC,RENT-2026-08,2026-08-01,3400.00
BILL-10220,Old Port Print & Sign,OPP-1188,2026-08-04,312.75
BILL-10221,Routeboard Scheduling,RB-209872,2026-08-04,456.00
BILL-10222,Ledgerline Bookkeeping,LB-2026-08,2026-08-05,850.00
BILL-10223,Casco Bay Janitorial Supply,CB-2211,2026-08-06,1184.60
BILL-10224,Tidewater Plumbing,TP-0871,2026-08-07,1480.00
BILL-10225,Downeast Telecom,DT-202608-4471,2026-08-12,318.40
BILL-10226,Pine Point Fuel Co-op,PPF-77102,2026-08-12,1412.88
BILL-10227,Greenline Lawn & Snow,GL-2026-0712,2026-08-14,2150.00
BILL-10228,Harbor Light Payroll Services,HLP-202608,2026-08-15,189.00
BILL-10229,Casco Utilities Cooperative,CUC-202608-0092,2026-08-18,455.10
BILL-10230,Casco Bay Janitorial Supply,CB-2211,2026-08-20,1184.60
BILL-10231,Bayside Waste & Recycling,BWR-202608,2026-08-22,265.00
BILL-10232,Tidewater Plumbing,TP-0893,2026-08-28,3250.00
BILL-10233,Forest Avenue Holdings LLC,RENT-2026-09,2026-09-01,3400.00
BILL-10234,Casco Bay Janitorial Supply,CB-2240,2026-09-02,963.40
BILL-10235,Routeboard Scheduling,RB-215306,2026-09-02,456.00
BILL-10236,Fore River Auto & Fleet,FRA-5602,2026-09-04,2247.19
BILL-10237,Ledgerline Bookkeeping,LB-2026-09,2026-09-05,850.00
BILL-10238,Pine Point Fuel Co-op,PPF-77388,2026-09-11,1566.02
BILL-10239,Downeast Telecom,DT-202609-4471,2026-09-12,318.40
BILL-10240,Greenline Lawn & Snow,GL-2026-0804,2026-09-15,2150.00
BILL-10241,Harbor Light Payroll Services,HLP-202609,2026-09-15,189.00
BILL-10242,Casco Utilities Cooperative,CUC-202609-0092,2026-09-18,398.62
BILL-10243,Bayside Waste & Recycling,BWR-202609,2026-09-22,265.00
BILL-10244,Casco Bay Janitorial Supply,CB-2267,2026-09-24,1027.90
BILL-10245,Fore River Auto & Fleet,FRA-5640,2026-09-25,389.00
